text,style
"The regression analysis reveals a correlation coefficient of 0.82, indicating strong positive relationship between educational attainment and lifetime earnings. When controlling for socioeconomic background variables, the effect size remains substantial at 0.71. These findings align with previous longitudinal studies conducted across OECD nations.",analytical
"Statistical decomposition of the variance shows that 47% can be attributed to genetic factors, 31% to shared environmental influences, and 22% to unique environmental factors. The heritability estimate of 0.47 falls within the confidence interval established by twin studies. This suggests moderate genetic influence on the phenotype.",analytical
"The meta-analysis encompassed 73 randomized controlled trials with a combined sample size of 12,847 participants. Effect sizes ranged from 0.23 to 0.89, with a weighted mean of 0.56. Publication bias assessment using funnel plot asymmetry suggests minimal impact on the overall findings.",analytical
"Quantitative assessment using spectroscopy reveals absorption peaks at 420nm and 660nm, corresponding to chlorophyll-a and chlorophyll-b respectively. The ratio of these peaks indicates healthy photosynthetic capacity. Fluorescence measurements confirm quantum yield efficiency of 0.83 under optimal conditions.",analytical
"The null hypothesis of no difference between treatment groups can be rejected with p < 0.001. Post-hoc analysis using Tukey's HSD reveals significant pairwise differences between all three conditions. The observed power of 0.94 suggests adequate sample size for detecting the hypothesized effects.",analytical
"Time-series analysis demonstrates clear seasonal patterns with peaks occurring in Q2 and Q4 of each fiscal year. The autocorrelation function shows significant lags at 12 and 24 months, confirming annual cyclicity. Trend decomposition reveals an underlying growth rate of 3.2% per annum after seasonal adjustment.",analytical
"The experimental design employed a 2x3 factorial structure with random assignment to conditions. Main effects were significant for both factors, F(1,156) = 23.4 and F(2,156) = 18.7 respectively. The interaction term also reached significance, suggesting that the effect of factor A depends on the level of factor B.",analytical
"Cost-benefit analysis projects a net present value of $4.7 million over a 10-year horizon, assuming a discount rate of 5%. Sensitivity analysis shows positive NPV maintained across all reasonable parameter variations. The internal rate of return of 18% exceeds the corporate hurdle rate by 6 percentage points.",analytical
"Diagnostic accuracy metrics show sensitivity of 0.91 and specificity of 0.87, yielding a positive predictive value of 0.84 in the target population. The area under the ROC curve of 0.93 indicates excellent discriminatory ability. These performance characteristics exceed current clinical standards for screening protocols.",analytical
"The algorithm demonstrates O(n log n) time complexity in average case scenarios, with worst-case performance of O(n²). Space complexity remains constant at O(n). Benchmark testing on datasets ranging from 10³ to 10⁷ elements confirms theoretical predictions within 2% margin of error.",analytical
"Factor analysis using principal components extraction identified four latent constructs explaining 72% of total variance. The Kaiser-Meyer-Olkin measure of 0.88 indicates excellent sampling adequacy. Oblique rotation reveals moderate correlations between factors, supporting the theoretical model of interrelated dimensions.",analytical
"The epidemiological data indicates an incidence rate of 23.4 per 100,000 person-years, with confidence intervals of 21.2 to 25.8. Age-standardized rates show significant geographic variation, ranging from 15.3 in rural areas to 31.7 in urban centers. These disparities persist after adjusting for known risk factors.",analytical
"Network analysis reveals small-world properties with average path length of 3.2 and clustering coefficient of 0.68. The degree distribution follows a power law with exponent -2.3, characteristic of scale-free networks. Hub nodes with degree > 50 comprise 3% of vertices but mediate 42% of shortest paths.",analytical
"The pharmacokinetic model indicates first-order absorption with ka = 0.85 h⁻¹ and elimination half-life of 6.3 hours. Volume of distribution of 0.7 L/kg suggests moderate tissue penetration. Steady-state concentrations are achieved after approximately 32 hours of repeated dosing.",analytical
"Structural equation modeling yields acceptable fit indices with CFI = 0.94, RMSEA = 0.05, and SRMR = 0.04. All hypothesized paths reach statistical significance except the direct effect from X₂ to Y. The mediation effect accounts for 63% of the total effect, confirming partial mediation.",analytical
"The survival analysis shows median time to event of 24.3 months in the treatment group versus 18.7 months in controls. The hazard ratio of 0.73 (95% CI: 0.61-0.89) indicates 27% reduction in risk. Kaplan-Meier curves diverge significantly after 6 months, log-rank test p = 0.003.",analytical
"Quality control charts demonstrate process capability index Cpk = 1.42, indicating robust performance relative to specifications. Out-of-control points occur at a rate of 0.3%, well below the acceptable threshold. The process mean has shifted by 0.02σ over the monitoring period, suggesting excellent stability.",analytical
"The genome-wide association study identified three loci reaching significance threshold of p < 5×10⁻⁸. The lead SNP at chromosome 7q21 shows odds ratio of 1.34 for the risk allele. Functional annotation suggests involvement in metabolic pathways, consistent with the disease phenotype.",analytical
"Acoustic analysis reveals fundamental frequency of 440 Hz with harmonic overtones at integer multiples. The spectral centroid of 1,250 Hz indicates moderate brightness. Temporal envelope shows attack time of 23ms and decay constant of 0.8s, characteristic of percussive instruments.",analytical
"The ecological survey documented 147 species across 12 taxonomic families within the study area. Species accumulation curves approach asymptote at approximately 130 samples, suggesting near-complete inventory. Shannon diversity index of 3.42 indicates high community complexity.",analytical
"Performance metrics show 94% classification accuracy on the validation set, with precision of 0.92 and recall of 0.95. The F1 score of 0.93 represents 15% improvement over the baseline model. Confusion matrix analysis reveals systematic misclassification only between closely related categories.",analytical
"The thermal analysis indicates glass transition temperature at 67°C and melting point at 142°C. Differential scanning calorimetry reveals enthalpy of fusion ΔH = 125 J/g. The crystallinity index of 0.43 suggests semi-crystalline morphology, consistent with X-ray diffraction patterns.",analytical
"Market segmentation analysis identifies four distinct consumer clusters based on purchasing behavior and demographics. Cluster validity indices including silhouette coefficient (0.71) and Dunn index (0.83) confirm robust separation. The largest segment comprises 38% of the total market.",analytical
"The hydrological model predicts peak discharge of 850 m³/s for the 100-year storm event. Model calibration achieved Nash-Sutcliffe efficiency of 0.87 for the validation period. Uncertainty analysis using Monte Carlo simulation yields 90% confidence intervals of ±15% around predictions.",analytical
"Linguistic corpus analysis reveals lexical diversity ratio of 0.42, indicating moderate vocabulary richness. The type-token ratio decreases logarithmically with text length, following Heaps' law with β = 0.78. Collocational analysis identifies 2,341 statistically significant bigrams at MI score > 3.",analytical
"The reliability analysis yields Cronbach's alpha of 0.91 for the full scale, exceeding the threshold for excellent internal consistency. Item-total correlations range from 0.64 to 0.82, with no items requiring removal. Test-retest reliability over 4 weeks shows ICC = 0.88.",analytical
"Energy balance calculations indicate system efficiency of 78% under standard operating conditions. Heat recovery mechanisms contribute 23% to overall efficiency gains. The coefficient of performance reaches 3.4, comparing favorably to industry benchmarks of 2.8-3.0.",analytical
"The proteomics analysis identified 3,247 unique proteins, with 89 showing differential expression (fold change > 2, q < 0.05). Pathway enrichment analysis reveals overrepresentation of oxidative phosphorylation (p = 1.3×10⁻⁷) and protein synthesis (p = 4.2×10⁻⁵) pathways.",analytical
"Credit risk modeling using logistic regression achieves AUC of 0.81 for probability of default prediction. The Gini coefficient of 0.62 indicates good rank-ordering ability. Backtesting on out-of-time samples shows calibration within 5% of observed default rates.",analytical
"The agricultural yield trial demonstrates 18% increase in productivity with the modified cultivation protocol. Statistical analysis using mixed-effects models accounts for plot-level variation and spatial autocorrelation. The treatment effect remains significant across all soil types tested.",analytical
"Biomechanical analysis reveals peak ground reaction forces of 2.3 times body weight during the landing phase. Joint moments at the knee reach 3.1 Nm/kg, exceeding typical injury thresholds. High-speed videography confirms valgus angle of 12° at maximum flexion.",analytical
"The supply chain optimization model reduces total logistics costs by 22% while maintaining 98% service level. Integer programming solution identifies optimal distribution center locations among 10⁸ possible configurations. Sensitivity analysis confirms robustness to ±20% demand fluctuations.",analytical
"Air quality monitoring data shows PM2.5 concentrations averaging 35 μg/m³, exceeding WHO guidelines on 127 days annually. Source apportionment using receptor modeling attributes 45% to vehicular emissions, 30% to industrial sources, and 25% to regional transport.",analytical
"The clinical trial demonstrates non-inferiority with risk difference of -0.03 (95% CI: -0.08 to 0.02), well within the pre-specified margin of 0.10. Secondary endpoints show comparable efficacy across all measured outcomes. Safety profiles reveal no significant differences in adverse event rates.",analytical
"Psychometric evaluation using item response theory reveals difficulty parameters ranging from -2.1 to 2.3 logits. The test information function peaks at ability level θ = 0.5, providing maximum measurement precision near population mean. Differential item functioning analysis shows no significant bias across demographic groups.",analytical
"The seismic hazard assessment calculates peak ground acceleration of 0.42g for 2% probability of exceedance in 50 years. Deaggregation analysis indicates dominant contribution from M7.2 events at 25km distance. Site response analysis amplifies bedrock motions by factor of 1.8.",analytical
"Consumer preference testing using conjoint analysis reveals relative importance weights of 42% for price, 31% for quality, and 27% for brand. Part-worth utilities show non-linear price sensitivity with sharp drop-off above $50. Market simulation predicts 23% share for the optimal product configuration.",analytical
"The materials characterization confirms Young's modulus of 210 GPa and yield strength of 450 MPa. Fatigue testing demonstrates endurance limit at 10⁷ cycles of 280 MPa. Fractographic analysis reveals transgranular crack propagation with striations spacing of 0.5 μm.",analytical
"Watershed modeling projects 30% increase in peak flows under climate change scenarios for 2050. The distributed hydrological model accounts for land use changes and urbanization effects. Calibration against 20 years of streamflow data achieves R² of 0.91.",analytical
"The evolutionary algorithm converges to near-optimal solutions within 500 generations for problem instances up to 10⁴ variables. Population diversity metrics indicate healthy exploration-exploitation balance. Comparison with exact methods shows less than 2% optimality gap.",analytical
"Financial time series analysis reveals GARCH(1,1) effects with persistence parameter of 0.94, indicating high volatility clustering. The leverage effect coefficient of -0.12 confirms asymmetric response to positive and negative shocks. Value-at-Risk estimates at 99% confidence level average $2.3 million.",analytical
"The environmental impact assessment quantifies carbon footprint at 1,250 tons CO₂ equivalent annually. Life cycle analysis from cradle to grave reveals 65% of emissions occur during use phase. Proposed mitigation measures could reduce total impact by 34%.",analytical
"Demographic projections using cohort-component method forecast population of 8.7 million by 2040. Age structure analysis reveals dependency ratio increasing from 0.52 to 0.71. Net migration assumptions contribute 40% to projected growth.",analytical
"The queuing model predicts average wait time of 4.2 minutes under current staffing levels. Simulation of 10,000 customer arrivals confirms analytical results within 3% margin. Optimization suggests adding one server reduces wait by 58% with ROI of 2.3 years.",analytical
"Geotechnical investigation reveals soil bearing capacity of 250 kPa at 3m depth. Consolidation tests indicate settlement of 45mm under design loads. The factor of safety against bearing failure is 3.2, exceeding minimum requirements of 2.5.",analytical
"The machine learning ensemble achieves 96% accuracy combining random forests, gradient boosting, and neural networks. Feature importance analysis identifies top 5 predictors accounting for 73% of model performance. Cross-validation confirms minimal overfitting with train-test gap of 2%.",analytical
"Traffic flow analysis indicates Level of Service D during peak hours with volume-to-capacity ratio of 0.87. Microsimulation modeling predicts 22% reduction in delays with optimized signal timing. The proposed improvements yield benefit-cost ratio of 4.1.",analytical
"The chemical kinetics study determines activation energy of 78 kJ/mol using Arrhenius plot analysis. The reaction follows second-order kinetics with rate constant k = 0.034 M⁻¹s⁻¹ at 25°C. Temperature coefficient Q₁₀ = 2.3 indicates moderate temperature sensitivity.",analytical
"Nutritional analysis confirms protein content of 22.3g per 100g serving, with complete amino acid profile. Micronutrient density exceeds 15% RDA for 8 essential vitamins and minerals. Bioavailability studies using Caco-2 cells demonstrate 73% absorption efficiency.",analytical
"The cybersecurity assessment identifies 47 vulnerabilities with CVSS scores ranging from 2.1 to 8.7. Risk prioritization matrix classifies 12% as critical requiring immediate remediation. Penetration testing confirms exploitability of high-severity findings in controlled environment.",analytical
"Portfolio optimization using mean-variance framework identifies efficient frontier across risk-return spectrum. The maximum Sharpe ratio portfolio allocates 35% equities, 45% bonds, and 20% alternatives. Monte Carlo simulation projects 95% probability of achieving target returns.",analytical
"The archaeological dating using radiocarbon analysis places artifacts at 1,235 ± 40 years BP. Calibration against dendrochronological records narrows the date range to 720-780 CE. Stratigraphic evidence corroborates this chronology with pottery typology from the period.",analytical
"Manufacturing process optimization reduces cycle time by 31% through elimination of non-value-added activities. Statistical process control implements control limits at ±3σ, achieving defect rate of 3.4 per million. Overall equipment effectiveness improves from 68% to 85%.",analytical
"The wind tunnel testing reveals drag coefficient of 0.28 at Reynolds number 10⁶. Pressure distribution measurements confirm attached flow up to 15° angle of attack. Flow visualization using smoke injection identifies vortex shedding frequency of 12 Hz.",analytical
"Behavioral experiment using randomized response technique estimates 31% prevalence of sensitive behavior. The dual-ballot design ensures respondent anonymity while maintaining statistical validity. Bootstrap confidence intervals account for design complexity.",analytical
"The remote sensing analysis detects 2,340 hectares of deforestation over the 5-year study period. Classification accuracy using machine learning on multispectral imagery achieves 91%. Change detection algorithms identify hotspots concentrated in three districts.",analytical
"Energy audit reveals potential savings of 1,250 MWh annually through efficiency improvements. Payback period analysis shows 80% of measures recover costs within 3 years. Implementation prioritization maximizes NPV at $3.2 million.",analytical
"The linguistic analysis of social media corpus identifies sentiment polarity of 0.62 on normalized scale. Topic modeling using LDA reveals 8 coherent themes with average coherence score of 0.54. Temporal analysis shows 40% increase in negative sentiment during crisis periods.",analytical
"Structural health monitoring using distributed fiber optic sensors detects strain anomalies at 0.001% resolution. Modal analysis identifies natural frequencies within 2% of design predictions. The damage index algorithm successfully localizes simulated defects in 94% of test cases.",analytical
"The consumer panel data reveals brand loyalty rate of 67% over 12-month period. Markov chain analysis predicts steady-state market shares of 28%, 34%, and 38% for three major brands. Price elasticity of -1.4 indicates relatively elastic demand.",analytical
"Groundwater modeling simulates contaminant plume migration over 20-year horizon. The advection-dispersion equation solution predicts maximum concentrations of 45 ppb at monitoring well MW-3. Remediation scenarios achieve cleanup goals within 7-12 years.",analytical
"The cognitive assessment battery shows test-retest reliability coefficients ranging from 0.81 to 0.93 across subtests. Factor analysis confirms four-factor structure aligning with theoretical domains. Normative data from n=2,450 enables age and education-adjusted scoring.",analytical
"Market forecast using ARIMA(2,1,1) model predicts 8% annual growth with 90% prediction intervals of ±3%. Seasonal decomposition reveals Q4 sales 23% above trend. The model achieves MAPE of 7.2% on holdout validation data.",analytical
"The vibration analysis identifies bearing fault signature at 142 Hz with sidebands at 29 Hz intervals. Envelope spectrum confirms inner race defect with 98% confidence. Remaining useful life estimation using degradation modeling predicts 340 operating hours.",analytical
"Clinical biomarker validation shows AUC of 0.88 for disease detection, with optimal cutoff at 15.3 ng/mL. At this threshold, sensitivity reaches 0.85 and specificity 0.82. The positive likelihood ratio of 4.7 indicates moderate diagnostic value.",analytical
"The transportation model minimizes total distribution costs using linear programming with 10⁴ decision variables. Solution identifies optimal routes saving 18% versus current operations. Capacity constraints and service level requirements are satisfied across all scenarios.",analytical
"Acoustic emission testing detects crack initiation at 72% of ultimate load. The cumulative energy release follows power law with exponent b = 1.4. Real-time monitoring enables prediction of failure with 15-minute advance warning.",analytical
"The educational intervention shows effect size of d = 0.72 on standardized achievement tests. Hierarchical linear modeling accounts for classroom-level clustering with ICC = 0.15. The treatment effect remains significant after controlling for baseline scores and demographics.",analytical
"Risk assessment matrix identifies 23 high-priority hazards requiring immediate controls. Fault tree analysis calculates top event probability of 2.3×10⁻⁴ per year. Implementation of proposed barriers reduces risk to ALARP levels.",analytical
"The biodiversity assessment documents Shannon index of 2.87 and Simpson index of 0.91, indicating high species diversity. Rarefaction curves suggest 85% sampling completeness. Beta diversity analysis reveals distinct communities across elevation gradient.",analytical
"Software testing achieves 91% code coverage with 2,847 unit tests and 412 integration tests. Static analysis identifies 73 code smells with cyclomatic complexity exceeding threshold in 8% of methods. Performance profiling reveals bottlenecks in data access layer.",analytical
"The ergonomic evaluation identifies RULA scores of 5-7 for 34% of workstations, indicating medium to high risk. Biomechanical modeling calculates L5/S1 compression forces exceeding NIOSH limits in three tasks. Proposed interventions reduce injury risk indices by 45%.",analytical
"Crime pattern analysis using kernel density estimation identifies three persistent hotspots. The near-repeat phenomenon shows elevated risk within 200m and 7 days of initial incidents. Predictive accuracy reaches 78% for next-day forecasts.",analytical
"The metallurgical examination reveals grain size of ASTM 7 with uniform distribution. Hardness testing shows 285 HB with less than 5% variation across cross-section. Microstructure consists of 70% pearlite and 30% ferrite, meeting specifications.",analytical
"Consumer sentiment analysis of 10,000 reviews yields average rating of 4.2/5 with standard deviation of 0.9. Text mining identifies price, quality, and service as primary drivers explaining 67% of rating variance. Negative reviews cluster around shipping delays and product defects.",analytical
"The actuarial model projects claim frequency of 0.082 per policy-year with severity averaging $4,250. Loss development factors stabilize at 1.15 by 36 months. The indicated rate change of +3.2% maintains target loss ratio of 0.65.",analytical
"Environmental monitoring data shows 95th percentile noise levels of 72 dB(A) exceeding regulatory limits at three receptors. Frequency analysis identifies dominant sources at 125 Hz and 500 Hz bands. Mitigation modeling predicts 8 dB reduction with proposed barriers.",analytical
"The genetic algorithm optimization finds solutions within 1% of global optimum for 87% of test functions. Population diversity metrics maintain coefficient of variation > 0.2 throughout evolution. Convergence typically occurs within 200 generations.",analytical
"Water quality analysis detects 18 parameters with 12 meeting drinking water standards. Heavy metal concentrations show Pb at 8 ppb and As at 3 ppb, below regulatory limits. Microbiological indicators confirm absence of coliform bacteria.",analytical
"The structural analysis using finite element method calculates maximum stress of 180 MPa under design loads. Safety factor of 2.8 against yield provides adequate margin. Modal analysis identifies first natural frequency at 23 Hz, well separated from excitation frequencies.",analytical
"Market share decomposition attributes 4.2% growth to distribution expansion, 2.8% to pricing strategy, and 1.5% to product innovation. Competitive dynamics modeling suggests sustainable advantage in two segments. Brand equity valuation estimates $127 million premium.",analytical
"The sleep study polysomnography reveals sleep efficiency of 82% with REM comprising 18% of total sleep time. Apnea-hypopnea index of 7.3 indicates mild sleep apnea. Periodic limb movement index of 11 per hour suggests restless leg involvement.",analytical
"Traffic accident analysis identifies intersection collision rate of 1.4 per million entering vehicles. Crash modification factors for proposed countermeasures predict 35% reduction. Benefit-cost analysis yields ratio of 5.2 for safety improvements.",analytical
"The chemical analysis using GC-MS identifies 47 volatile compounds with 12 above odor threshold. Principal component analysis explains 78% of variance with three components. Sensory panel correlation achieves r = 0.83 with instrumental measurements.",analytical
"Load testing demonstrates system capacity of 10,000 concurrent users with 95th percentile response time under 2 seconds. Stress testing identifies breaking point at 15,000 users. Database query optimization reduces average latency by 43%.",analytical
"The paleoclimate reconstruction using proxy data indicates temperature anomaly of +2.3°C during the medieval period. Spectral analysis reveals significant periodicities at 11, 88, and 208 years. The record spans 2,000 years with decadal resolution.",analytical
"Manufacturing yield analysis shows first-pass yield of 94.3% with rework rate of 3.8%. Pareto analysis identifies three defect types accounting for 76% of failures. Implementation of poka-yoke devices reduces defect rate by 62%.",analytical
"The customer journey mapping identifies 23 touchpoints with satisfaction scores ranging from 3.2 to 4.7. Path analysis reveals three critical moments affecting retention. Churn prediction model achieves 81% accuracy identifying at-risk customers.",analytical
"Biomass estimation using allometric equations calculates 127 tons per hectare above-ground carbon. Uncertainty propagation analysis yields 95% confidence intervals of ±18%. Remote sensing validation shows R² of 0.79 with field measurements.",analytical
"The wind resource assessment indicates average wind speed of 6.8 m/s at 80m hub height. Weibull distribution fitting yields shape parameter k = 2.1 and scale parameter c = 7.6. Annual energy production estimated at 8,400 MWh with capacity factor of 32%.",analytical
"Clinical registry analysis of 12,847 patients reveals 30-day readmission rate of 14.3%. Risk-adjusted outcomes show performance in 72nd percentile nationally. Multivariate analysis identifies five modifiable factors associated with readmission.",analytical
"The image recognition system achieves mean average precision of 0.87 on validation dataset. Confusion matrix analysis reveals systematic errors between visually similar classes. Transfer learning from pre-trained models improves accuracy by 12 percentage points.",analytical
"Inventory optimization using economic order quantity model reduces holding costs by 28%. Safety stock calculations maintain 98% service level with 40% less inventory. ABC analysis identifies 20% of SKUs generating 78% of revenue.",analytical
"The geophysical survey using ground-penetrating radar detects anomalies at 3.5m and 7.2m depths. Electrical resistivity tomography confirms low-resistivity zones indicating potential contamination. Integration of methods reduces interpretation uncertainty by 45%.",analytical
"Performance benchmarking places process efficiency at 83rd percentile among industry peers. Data envelopment analysis identifies three best-practice units. Gap analysis reveals 15% improvement potential through adoption of leading practices.",analytical
"The stars whisper secrets in frequencies only the heart can decode, painting constellations of meaning across the canvas of consciousness. Each point of light carries stories from when time was young. The darkness between them holds equal truth.",creative
"Memories crystallize like frost on window panes, each pattern unique yet universally recognizable. They catch morning light and scatter it into rainbow fragments. By noon they've melted back into the eternal cycle of forgetting and remembering.",creative
"The city breathes through its subway grates, exhaling the collected dreams of millions. Steel lungs expand and contract with the rhythm of rush hour. Underground, the pulse of urban life beats in fluorescent-lit chambers.",creative
"Books lean toward each other on shelves like old friends sharing secrets, their spines creating a skyline of knowledge. Words sleep between covers until awakened by curious eyes. Every opening is a small resurrection.",creative
"Rain writes temporary poems on sidewalks that only last until the sun returns. Each drop carries its own story from cloud to ground. The percussion of water on rooftops becomes the earth's improvised symphony.",creative
"Time pools in the corners of abandoned buildings like honey forgotten in old jars. Dust motes perform ballets in shafts of light for audiences that never come. These spaces hold their breath, waiting for life to return.",creative
"The ocean remembers everything in its salt-heavy blood, every ship that crossed its surface, every secret thrown overboard. Waves are its way of trying to tell these stories. The tide is its breathing, ancient and patient.",creative
"Shadows have their own geography, creating nations that exist only until the light shifts. They stretch like taffy in the evening, shrink to nothing at noon. Every shadow is both presence and absence simultaneously.",creative
"Coffee shops are modern temples where caffeine priests serve liquid prayers in ceramic chalices. Steam rises like incense toward industrial ceiling heavens. Each customer seeks their own small enlightenment in the bottom of a cup.",creative
"The moon pulls at more than just the tides; it tugs at the silver threads connecting all dreaming minds. Night thoughts rise like bubbles toward its pale face. Luna is the librarian of sleep's vast archive.",creative
"Gardens dream in colors that haven't been named yet, mixing pigments in combinations that exist only in the space between seasons. Flowers open like small explosions of joy. Roots write secret messages in the soil's dark language.",creative
"Thunder rolls across the sky like bowling balls in God's alley, striking lightning pins that illuminate the world in electric snapshots. The storm speaks in a dialect older than words. Rain follows like punctuation.",creative
"Museums are graveyards where beautiful things go to become immortal, preserved behind glass like sleeping beauties. Visitors whisper as if the artifacts might wake. Time stops at the entrance and waits in the gift shop.",creative
"Bridges are frozen leaps of faith, suspended between what was and what might be. They hold their breath eternally, carrying the weight of every crossing. Each one is a sentence connecting two paragraphs of land.",creative
"The wind reads yesterday's newspapers aloud to anyone who'll listen, scattering headlines across parking lots like prophecies. Old news tumbles down streets like urban tumbleweeds. Every gust is an editor revising the world.",creative
"Streetlights bloom at dusk like electric flowers, opening amber petals to the gathering darkness. They stand as sentinels against the night's advance. Morning finds them wilted, waiting for another evening's resurrection.",creative
"Silence has its own volume, pressing against eardrums with the weight of unspoken words. It fills rooms like invisible water. Sometimes the loudest sound is the one that makes no noise at all.",creative
"Doors are rectangular promises, offering passage to the perpetually curious. Each threshold is a decision crystallized in wood and brass. The act of opening changes both the room and the person entering.",creative
"Clocks slice time into servings too small to taste properly, portioning infinity into digestible moments. We consume seconds like pills, hoping they'll cure our mortality. Every tick is time's heartbeat, regular and relentless.",creative
"Fire speaks in tongues, preaching sermons of transformation and consumption. It dances like it knows secrets about the end of things. Each flame is a small sun paying tribute to its distant parent.",creative
"Windows frame portions of infinity, cutting the endless world into manageable paintings. Glass is the membrane between intention and actuality. They show us what we're missing while keeping us where we are.",creative
"The library walls have absorbed centuries of whispered thoughts, making them dense with the weight of knowledge. Books multiply in the darkness after closing. Morning finds them in slightly different arrangements, as if they've been conversing.",creative
"Autumn arrives like a painter gone mad with warm colors, splashing reds and golds with the recklessness of someone who knows winter is coming. Trees become torches burning slowly downward. Leaves are the earth's confetti.",creative
"The refrigerator hums midnight hymns to sleeping kitchens, guarding leftovers like a rectangular dragon hoarding edible treasure. Its light is the kitchen's moon. The freezer keeps time in a state of suspension.",creative
"Pencils bleed graphite thoughts onto paper skin, each word a small wound that heals into meaning. Erasers are instruments of forgetting, undoing history with rubber precision. The shavings curl like wooden prayers.",creative
"Roads unroll like ribbons tying places together with asphalt bows, promising that somewhere is always reachable from here. Each highway is a river of intentions. The yellow lines are the current that keeps us apart.",creative
"Morning arrives like a permission slip signed by night, allowing color back into the world. Dawn cracks the darkness like an egg, spilling golden yolk across the horizon. Each sunrise is the universe starting over.",creative
"Elevators are vertical vehicles ferrying souls between floors of existence. They compress strangers into temporary, uncomfortable communities. The buttons are wishes that always come true, eventually.",creative
"Fog erases the world then rewrites it in softer language, editing reality with a gentle hand. Everything becomes a suggestion of itself. It's nature's way of showing us how little we need to see to believe.",creative
"The telephone rings like an alarm clock for the ear, demanding immediate attention from whatever dream we're living. Voices travel through wires like electric ghosts. Every call is a small haunting.",creative
"Snow falls like the sky is shedding its skin, leaving winter's white bones exposed beneath. Each flake is frozen architecture, unique and temporary. The world becomes a rough draft written in white.",creative
"Mirrors are portals that only show backward worlds, telling truths in reverse. They multiply reality while dividing it. Every reflection is both real and impossible.",creative
"Spring pushes through winter's grip like a flower through concrete, insistent and inevitable. The earth yawns and stretches after its cold sleep. Color returns to the world like blood to sleeping limbs.",creative
"Airports are purgatory terminals where people wait to be transported between lives. Departures and arrivals blur into one eternal transition. Every gate is a portal to a different version of yourself.",creative
"The sky wears different moods like a person trying on clothes, unable to decide between blue serenity and gray melancholy. Clouds are its thoughts made visible. Weather is its way of expressing feelings.",creative
"Cafes percolate with conversations, brewing human connections over ceramic cups. Each table is a small island of intimacy. The espresso machine speaks in steam, translating beans into energy.",creative
"Sunsets are daily funerals for light, elaborate ceremonies of color commemorating another day's passing. The horizon becomes a threshold between today and tomorrow. Night attends, dressed in stars.",creative
"Keys are metal permissions, tiny sculptures that unlock larger sculptures. They jingle in pockets like captured possibilities. Each one is a question that buildings answer.",creative
"Trains stitch cities together with rails, threading through landscapes like industrial needles. They carry cargo of dreams and deadlines in equal measure. Every journey is a story written in distance.",creative
"Moonlight paints everything in shades of maybe, turning the familiar into the mysterious. It's the sun's ghost, haunting the night sky. Under its gaze, even ordinary things reveal their secret selves.",creative
"The ocean's waves are its way of counting, eternal mathematics written in water. Each crest and trough is a liquid equation. The beach is where these calculations meet the land's stubborn constants.",creative
"Photographs steal moments and preserve them like butterflies pinned to paper, beautiful but no longer alive. They're time machines that only travel backward. Every picture is a small death and resurrection.",creative
"The horizon is where promises about tomorrow are kept, always exactly as far away as hope. It's the line the earth draws to show us there's more. No matter how far we travel, it travels with us.",creative
"Candles are tiny suns that humans can control, personal stars that melt while shining. They burn time into puddles of wax. Each flame is a small rebellion against the darkness.",creative
"The shower is a daily waterfall, a personal rainstorm contained in tile and glass. It washes away everything but thoughts. Under its stream, we practice being born again.",creative
"Television screens are windows that only look into other people's imaginations. They flicker with borrowed lives and manufactured moments. Each channel is a different flavor of elsewhere.",creative
"Dust is the dandruff of houses, constantly shedding and settling. It accumulates like physical evidence of time passing. In sunbeams, it becomes visible proof that air has texture.",creative
"The staircase spirals through the building like DNA, encoding the genetic information of vertical living. Each step is a small victory against gravity. Going up is harder than going down, just like life.",creative
"Night pours itself across the landscape like spilled ink, filling every hollow with darkness. Stars poke holes in its fabric, letting tomorrow leak through. The darkness is not empty but full of different things.",creative
"Rivers write their autobiographies across continents, constantly editing themselves with every flood. They carry stories from mountain to sea in liquid sentences. Each bend is a new chapter.",creative
"Grass grows with the patience of earth itself, covering scars with green bandages. It forgives every footstep with continued growth. Lawns are humanity's attempt to give chaos a crew cut.",creative
"The wind has no memory, which is why it can carry everyone else's. It collects sighs and whispers, redistributing them randomly. Every breeze is a shuffled deck of invisible messages.",creative
"Light bulbs are caged suns, imprisoned brightness serving life sentences in fixtures. They burn out like tiny dying stars. Each one illuminates a small portion of the darkness we've agreed to live in.",creative
"Parking lots are geometric graveyards where cars go to sleep. They dream of highways while resting on painted lines. The asphalt remembers every tire that has touched it.",creative
"The bathtub is a ceramic womb where adults return to float. It's a temple to the ritual of cleansing. In its shallow depths, we practice being islands.",creative
"Doorknobs are handshakes with buildings, the first greeting between person and place. They turn like small planets controlling entry. Each one has been touched by countless hands, accumulating invisible histories.",creative
"The alarm clock is morning's cruel ambassador, delivering dawn's unwelcome message. It shatters sleep with scheduled violence. Every snooze button hit is a small act of rebellion against time.",creative
"Sidewalk cracks map miniature earthquakes, documenting the earth's smallest shrugs. Weeds grow through like nature's graffiti. Children know not to step on them, understanding instinctively they're portals.",creative
"The kitchen sink swallows the evidence of meals, a porcelain throat that digests dishes. It gurgles satisfaction when empty. The drain is a mouth that only knows how to swallow.",creative
"Curtains are fabric eyelids for window eyes. They blink between privacy and exposure, controlling what the house sees. Behind them, different worlds exist depending on the time of day.",creative
"The ceiling fan spins stories in circles, never reaching conclusions. It stirs air into invisible whirlpools. In its rotation lives the repetition of days.",creative
"Pillows are dream catchers that absorb the night's stories. They hold heads full of sleeping mysteries. By morning, they've heard all our unconscious confessions.",creative
"The mailbox waits with metal patience for paper visitors. It's a mouth that only opens to swallow messages. Every delivery is a small surprise from the outside world.",creative
"Closets are caves where clothes hibernate between wearings. They're dark worlds of fabric and forgotten fashion. Opening them is like archaeological excavation of past selves.",creative
"The dishwasher rumbles with aquatic digestion, consuming dirty dishes in its mechanical stomach. It regurgitates cleanliness. The cycle of washing is a meditation on renewal.",creative
"Footsteps write temporary poems on floors, rhythms that disappear as soon as they're created. Each step is a syllable in motion. The house remembers them all in its creaking bones.",creative
"The thermostat is the house's nervous system, sensing and adjusting comfort. It breathes temperature through vents. Summer and winter meet at its dial.",creative
"Windowsills are shelves for the sky, collecting light like horizontal horizons. They're stages where houseplants perform photosynthesis. Dust gathers there like powdered time.",creative
"The garage door rises like a mechanical eyelid, revealing the cave where cars sleep. It yawns open with motorized exhaustion. Behind it lies the liminal space between home and away.",creative
"Blankets are fabric hugs that last all night. They wrap sleep in warm embraces. Under them, we become temporary cocoons.",creative
"The chandelier hangs like frozen fireworks, crystal explosions suspended in time. It scatters light in elegant fragments. Each prism is a tiny rainbow generator.",creative
"Lampshades are hats for light bulbs, fashionable diffusers of brightness. They dress illumination in fabric and paper. The light they soften becomes more bearable.",creative
"The fireplace is a controlled catastrophe, domesticated destruction that warms. It's a cave within a house. Fire lives there part-time, commuting from prehistory.",creative
"Floorboards creak the house's age in wooden whispers. They're the building's memory, recording every weight they've carried. Each sound is a small history lesson.",creative
"The medicine cabinet mirrors illness back at itself. It's a pharmacy hidden behind reflections. Opening it reveals our mortal maintenance.",creative
"Rugs are fabric islands floating on hardwood seas. They're soft continents in domestic geography. Feet discover them like explorers finding land.",creative
"The doorbell announces visitors like the house's voice. It sings the song of arrival in electronic notes. Each ring is a question the door must answer.",creative
"Outlets are the house's feeding ports, where electronics nurse on electricity. They're architectural nipples. The prongs that enter them complete invisible circuits.",creative
"The garbage disposal growls with mechanical hunger, devouring scraps in its spinning teeth. It's the kitchen's pet monster. Feeding it is a daily sacrifice.",creative
"The attic stores yesterdays in dusty boxes, the house's memory made physical. It's where the past goes to wait. Climbing up there is ascending into history.",creative
"Windows fog with breath, becoming temporary canvases for finger art. They blur the boundary between inside and outside. Each one is a transparent wall pretending to be nothing.",creative
"The coffee table is a low altar for living room rituals. It holds offerings of magazines and remote controls. Around it, families orbit like planets.",creative
"The pantry is a food library, shelves of edible literature. Cans and boxes spine-out like culinary volumes. Each meal begins with browsing its shelves.",creative
"Baseboards frame where vertical meets horizontal, the punctuation between wall and floor. They're the margins of rooms. Dust collects there like sediment in architectural rivers.",creative
"The front door is the house's mouth, swallowing and spitting out people. It's the threshold between world and home. Every crossing changes both sides.",creative
"The peephole is the door's suspicious eye, a fish-eye lens into the outside world. It's how houses watch the street. Through it, visitors become distorted versions of themselves.",creative
"Air vents breathe the house's climate through geometric lungs. They're the gills of indoor atmosphere. Temperature flows through them like invisible weather.",creative
"The welcome mat is the ground's greeting, a rectangular hello at the threshold. It catches dirt and goodwill in equal measure. Under it, keys hide like secrets.",creative
"Paint transforms walls into colored mood, architectural makeup. It's how houses express themselves. Each color choice is a decision about how to feel.",creative
"The banister is a wooden river that hands flow along. It guides palms through the vertical journey of stairs. Years of touching have polished it smooth.",creative
"Lightswitch plates frame the buttons that divide day from night. They're the borders around decisions. Each flip is a small vote for or against darkness.",creative
"The lint trap catches the ghosts of clothes, collecting fabric souls. It's the dryer's dream catcher. What accumulates there is the physical evidence of wear.",creative
"Cabinet doors are wooden curtains hiding dish performances. They open to reveal stacked actors waiting for their dinner theater roles. Behind them, organization pretends to be permanent.",creative
"The garbage can swallows the evidence of living, digesting trash in its plastic stomach. It's the house's designated forgetter. Every emptying is a small amnesia.",creative
"Coat hooks are wooden fingers that hold winter. They wait by doors like servants ready to accept garments. Each one is a pause button for outdoor clothing.",creative
"The circuit breaker is the house's brain stem, controlling electrical impulses. It's the switch between power and darkness. When it trips, the house has a small stroke.",creative
"Tile grout draws maps between ceramic territories. It's the border control of bathroom geography. Dirt finds these boundaries and makes them visible.",creative
"Shelves are horizontal stages where objects perform stillness. They're display cases for daily life. Books and trinkets stand at attention, waiting to be noticed.",creative
"The weather stripping whispers around doors, sealing conversations inside. It's the gasket between climates. Through its gaps, the outside world leaks in.",creative
"Faucets are metal flowers that bloom water. They control liquid with the twist of petals. Each drop that falls is a small gift from the pipes.",creative
"Marcus found the letter tucked behind his mother's mirror, yellowed with age and written in a language he didn't recognize. When he touched it, the words rearranged themselves into English. The first line read: 'If you're reading this, it's already too late.'",narrative
"The lighthouse had been automated for twenty years, which is why the coast guard couldn't explain the figure they saw in the window. Sarah climbed the rusted stairs, her flashlight catching fresh footprints in the dust. At the top, she found her father's journal, dated yesterday.",narrative
"Every morning at 5:47, Mrs. Chen's doorbell rang, but no one was ever there. This morning, she decided to wait inside the door. When the bell rang, she yanked it open to find her own face staring back at her, aged by twenty years.",narrative
"The GPS kept insisting they turn left into the cornfield, where no road existed. After the fifth recalculation, Jennifer noticed something strange - a faint outline of tire tracks leading into the stalks. Her husband was already unbuckling his seatbelt.",narrative
"The elevator in the Harbinson Building had twelve floors but thirteen buttons. Today, someone had finally pressed the thirteenth. When the doors opened, Thomas stepped into his own apartment, except everything was backward and covered in dust.",narrative
"Emma's daughter had drawn their family, but there were five figures instead of four. When asked about the extra person, Lily pointed to the corner of the living room and said, 'That's Mr. Corners. He's always been here.'",narrative
"The antique shop's mirror showed reflections three seconds in the future. David discovered this when he saw himself dropping the vase before his hands even moved. He tried to prevent it, but his reflection smiled and shook its head.",narrative
"At midnight, every scarecrow in Henderson County stepped down from its post and began walking toward the Morrison farm. Only ten-year-old Timothy saw them through his bedroom window. He tried to wake his parents, but they wouldn't stop smiling in their sleep.",narrative
"The library book was due back in 1987, according to the stamp. Patricia had just checked it out yesterday. When she opened it, a photograph fell out - her wedding photo, but she wasn't married yet.",narrative
"Dr. Rivera's waiting room was full of patients she hadn't scheduled. They all claimed she had saved their lives next Thursday. One of them handed her a newspaper dated three days from now, with her obituary on page seven.",narrative
"The old radio in the garage only played music from the day its owner would die. Carl had inherited it from his grandfather, who'd lived to ninety-three. Yesterday, it started playing songs from this morning's top 40.",narrative
"Every door in the house had started opening to the same room - a child's nursery that didn't exist. Monica had been trying to leave for three hours. Her phone showed no signal, but she could hear it ringing somewhere in the walls.",narrative
"The fortune cookie factory had been closed since 1982, but fresh cookies kept appearing in the local restaurant. Each fortune was specific and always came true within 24 hours. Today's read: 'Check your basement at 3 AM.'",narrative
"Nathan's shadow had been getting darker all week, and today it stood up on its own. It walked to the door, turned the handle, and looked back at him. Then it pointed to the chair where Nathan usually sat, as if suggesting they trade places.",narrative
"The new neighbor, Mrs. Blackwood, only came out during thunderstorms. She would stand in her backyard with her arms raised, and lightning would strike around but never touch her. Last night, she knocked on Tom's door holding a burnt umbrella.",narrative
"The substitute teacher looked different to each student - always resembling their greatest fear. Jamie saw spiders where her face should be. Michael saw deep water. But when they compared photos, she looked completely normal.",narrative
"Every streetlight on Maple Avenue went out when Diana walked beneath it. She'd traced the problem to a music box her grandmother had left her. When she wound it up, it played tomorrow's news instead of a melody.",narrative
"The museum's newest acquisition was a door that supposedly led nowhere. When Lucy turned the handle, she stepped into her childhood home, exactly as it had been thirty years ago. Her mother was there, young again, cooking dinner for five-year-old Lucy.",narrative
"Robert's prescription glasses had started showing him things that weren't there - or were they? The creatures he saw interacting with people seemed to influence their behavior. His optometrist claimed the lenses were perfectly normal.",narrative
"The last payphone in town rang every night at 2:17 AM. Those who answered heard their own voice giving warnings. Sandra had received three calls so far. She'd heeded the first two warnings, but the third one seemed impossible.",narrative
"Charlie's dreams were being broadcast on channel 387, a station that shouldn't exist. His neighbors had started watching, and they knew things about him he'd never told anyone. Last night, he dreamed about them watching him dream.",narrative
"The apartment's previous tenant had left only a calendar with every day marked 'TODAY.' No matter what date it actually was, the calendar showed the current day. Underneath each 'TODAY' was a different handwritten message.",narrative
"Every photograph developed from Kevin's old camera showed the same woman in the background. She had died in 1943, according to the cemetery records. In the latest photo, she was standing closer and holding a sign with his name.",narrative
"The crosswalk signal had been counting down from one million for the past month. Mark watched it every day on his way to work. Today it would reach zero. He stood at the corner with a growing crowd, all waiting to see what would happen.",narrative
"Julia's diary had started writing itself, filling with entries about days she hadn't lived yet. She tried to change the outcomes, but the words would rewrite themselves. Tomorrow's entry mentioned a visitor she'd never heard of.",narrative
"The text message was from her own phone number, dated three days in the future. It contained only GPS coordinates. When Lisa arrived at the location, she found her car already parked there, with her purse still inside.",narrative
"Every mirror in the Williams house showed a different room. The bathroom mirror showed a forest, the hallway mirror showed an office building. But none of them showed the rooms they were actually in. Today, someone was visible in the bedroom mirror.",narrative
"Mr. Peterson's barbershop had mirrors that showed customers how they'd look in ten years. Business had been slow since word got out. Today, a young man sat in the chair and saw nothing in his reflection.",narrative
"The ice cream truck's music played backward, and children who heard it forgot their favorite flavors. Parents noticed their kids acting younger after each visit. The driver's face was always hidden, but his hands were those of a child.",narrative
"Anna's childhood drawings were coming true, one by one. First, the purple dog appeared in the yard. Then, the house grew an extra room overnight. She desperately searched the attic for her old artwork, hoping to find the happy ones.",narrative
"The hotel elevator only went to the thirteenth floor for guests who wouldn't survive their stay. Richard pressed the button jokingly. When it lit up, the other passengers stepped out. The doors closed before he could follow.",narrative
"Every book returned to the library had different words than when it was checked out. The changes were subtle but meaningful. Romance novels became tragedies, mysteries revealed different killers. The librarian pretended not to notice.",narrative
"The traffic light at First and Main had been red for six months. Cars passed through it anyway, but no one remembered doing so. Dashboard cameras showed nothing but static during the crossing. Today, it finally turned green.",narrative
"Grandma's recipe box included instructions for dishes that couldn't exist - soup that cured heartbreak, bread that restored lost memories. Helen tried to make the simplest one. The ingredients were real, but the result broke several laws of physics.",narrative
"The office printer only worked when no one was watching. Documents appeared perfectly printed, but no one ever heard it run. Security footage showed papers materializing from nowhere. IT had given up trying to explain it.",narrative
"Every pizza delivered to Oak Street arrived with one extra topping no one had ordered. It was always exactly what they'd wanted but hadn't asked for. The delivery drivers claimed they never deviated from the orders.",narrative
"Mom's phone book contained numbers for people she'd never met. When she called them, they always knew who she was. They'd ask about family members by name and recall conversations that never happened.",narrative
"The lost and found box at school contained items that wouldn't be lost for weeks. Students learned to check it before they lost things. Today, Timothy found his father's watch there. His father had been buried with it.",narrative
"The subway car was empty except for a briefcase. Inside was tomorrow's newspaper and a note: 'You can change one headline.' Derek stared at the story about a building collapse. His office address was in the first paragraph.",narrative
"Every television in the electronics store showed the same feed - a live view of the store from an impossible angle. There were no cameras where the view originated. In the feed, there was always one extra person shopping.",narrative
"Grace's mother had been calling every day for a week. The problem was, she'd been in a coma for a month. The calls came from her old number, disconnected years ago. Today, she asked Grace to visit her at an address that didn't exist.",narrative
"The new coffee shop served drinks that tasted like memories. Today's special was 'The Last Day of Summer, Age Seven.' Each customer who tried it cried, remembering something they'd forgotten. The barista had no eyes, but no one seemed to notice.",narrative
"Paul's keyboard typed words a fraction of a second before he thought them. The delay was getting longer. Today, it typed an entire email before he'd decided what to write. The recipient responded immediately: 'I've been waiting for this message.'",narrative
"The yard sale compass pointed to whatever the holder needed most. For some, it pointed to hospitals. For others, to specific houses. When Jennifer held it, the needle spun wildly, unable to choose a direction.",narrative
"Every doorbell on Canterbury Road rang at exactly 3:33 AM. No one was ever at the doors, but wet footprints led away from each house. They all converged at the old well in the town square. Last night, someone answered the well.",narrative
"The teacher wrote tomorrow's date on the board every morning. Students had stopped correcting her when they realized she was always right. Today, she wrote a date fifty years in the future and dismissed class early.",narrative
"Roger's watch gained an hour every time he helped someone. He'd been living weeks ahead of everyone else. His calendar showed appointments that hadn't been made yet. Yesterday, he attended his own funeral.",narrative
"The parking meter accepted secrets instead of coins. The bigger the secret, the longer you could park. Sarah whispered something that gave her three months. When she returned, her car was gone, but the meter still had time.",narrative
"Every crayon in the kindergarten box drew the same color - one that no one had seen before. Children understood it immediately and gave it different names. Adults couldn't see anything on the paper at all.",narrative
"The hospital's waiting room was always empty, but the seats were always warm. Sometimes, invisible magazines turned their own pages. Today, Maria felt someone take her hand. The pressure was comforting, familiar.",narrative
"Tom's shadow was exactly three seconds behind him. In mirrors, he could see himself from the past. He'd learned to use it to his advantage, until today, when his shadow started moving three seconds ahead instead.",narrative
"The ATM dispensed bills from the future. The serial numbers wouldn't exist for years. When Dan tried to spend them, they worked perfectly. The bank had no record of his withdrawal.",narrative
"Linda's doorbell rang with tomorrow's weather. Two rings meant rain, three meant sun. Today, it hadn't stopped ringing for an hour. She looked outside at the clear sky and began boarding up her windows.",narrative
"The school bus took a different route home each day but always arrived at the right houses. The driver's seat had been empty all year. Parents who followed the bus could never keep up; it would vanish and reappear blocks away.",narrative
"Mike's grocery receipts listed items he didn't buy but would need within three days. A fire extinguisher appeared on yesterday's receipt. He bought one immediately. Today's receipt listed a plane ticket to Peru.",narrative
"The church bells rang thirteen times at noon. During the thirteenth chime, everyone in town briefly became someone else. Most didn't notice, but Sarah did. She'd been herself during the chime, watching everyone else change.",narrative
"The movie theater's exit door led to different years depending on which movie you watched. Comedies led to 1987, horror films to 2003. After watching a documentary about the future, Marcus couldn't find the door at all.",narrative
"Every key on Ben's keychain opened the same lock, but the door led to different places depending on which key he used. The brass key led to his childhood home. The silver key led somewhere he didn't recognize, where photos of him covered the walls.",narrative
"The streetlights illuminated things that weren't there during the day. Buildings that didn't exist, people who'd been dead for years. Jennifer walked to work in darkness now. The things that were really there were easier to face.",narrative
"Children's chalk drawings on Riverside Drive came alive after rain, but only for the duration of the rainbow. Parents had started timing their walks accordingly. Today, someone had drawn a door. A real child walked through it.",narrative
"The cafeteria served lunch from next week's menu. Students who ate it remembered things that hadn't happened yet. Most avoided it, but Sam needed to know if he'd pass his exam. The answer made him wish he hadn't asked.",narrative
"David's calculator gave answers to questions he hadn't asked. Instead of math, it showed coordinates, dates, names. Today it displayed a phone number. When he called, he heard his own voice say, 'Finally.'",narrative
"The library's return slot led to a room that didn't exist in the building's blueprints. Books disappeared into it and reappeared on shelves, but sometimes other things came out. Today, a hand emerged, holding a library card with tomorrow's date.",narrative
"Every umbrella in the lost and found opened to different weather. The red one always opened to snow, the black one to rain from 1962. Helen picked up a clear umbrella and opened it to see stars in the middle of the day.",narrative
"The new neighbor's mail kept getting delivered to everyone but her. Each piece was addressed correctly but ended up in different boxes. When residents tried to deliver it personally, they could never find her door.",narrative
"The hotel room's painting changed each time Diana looked away. It had started as a landscape, became a portrait, then an abstract. Now it showed her room from outside the window. A figure stood behind her in the painting.",narrative
"Plants in Mrs. Morrison's garden bloomed at night and closed during the day. She only gardened by moonlight now. Neighbors complained about the humming from her yard, but she insisted the flowers were just singing.",narrative
"The vending machine in the break room dispensed snacks from parallel universes. B4 was always empty, and no one knew why. Today, Connor watched someone reach through B4 from the other side.",narrative
"Every prescription Dr. Matthews wrote turned into a different patient's name. The pharmacy filled them anyway. Patients got medications they didn't know they needed. The cure rate in her practice was inexplicably perfect.",narrative
"Amanda's phone autocorrected everything to the truth. 'Fine' became 'terrified,' 'busy' became 'lonely.' She'd stopped texting after it corrected 'love you' to 'goodbye' in a message to her mother.",narrative
"The elevator music in the office building was always a slowed-down version of what someone was humming. Today, no one admitted to humming, but the music played anyway - a song that wouldn't be written for three years.",narrative
"Derek's mailbox received letters from everyone he'd ever meet. Most were apologies for things that hadn't happened yet. Today brought a thank you note for a kindness he'd show in 2047.",narrative
"The sunrise came from the west on Tuesdays. Only the children noticed. Adults' minds autocorrected the impossibility. When Lucy tried to film it, her phone showed the sun rising normally from the east.",narrative
"The janitor mopped floors before they got dirty. Spills happened exactly where he'd cleaned. He'd been working at the school for forty years, always one step ahead. No one had ever seen him arrive or leave.",narrative
"Clara's car radio picked up phone calls from 1987. She recognized her mother's young voice, talking about being pregnant. The conversation was about choosing names. Clara heard her mother reject the name Clara.",narrative
"Every photo booth in the city produced the same pictures, regardless of who sat inside. The fourth frame was always blank. When developed, that frame showed the booth's interior from outside, with no one visible inside.",narrative
"The office copier produced documents from parallel universes. Version B of every memo was always more interesting. Today it printed Carol's resignation letter, though she hadn't written one. In version B, she owned the company.",narrative
"Janet's GPS started giving directions in her father's voice. He'd been gone for ten years, but he knew about new construction, recent detours. Today he said, 'Take the next left. I need to show you something.'",narrative
"The weatherman was always wrong in exactly the same way - off by one day. Tomorrow's weather matched yesterday's prediction perfectly. He'd stopped trying to correct it. The station's ratings had never been higher.",narrative
"Every television in the apartment complex showed the same channel at 3 AM - a live feed of the viewer's living room from an impossible angle. Residents had started having viewing parties, watching themselves watch themselves.",narrative
"The crossword puzzle in Monday's paper had the same solution regardless of the clues. It spelled out coordinates and a date. When George arrived at the location, seventeen other people were already waiting.",narrative
"Children at Riverside Elementary were drawing with crayons that didn't exist in the box. They created colors adults couldn't see. When asked to explain, they pointed to the art teacher, but there was no art teacher at the school.",narrative
"The coffee maker at the office brewed tomorrow's coffee today. It tasted like upcoming conversations, imminent deadlines. Those who drank it knew what to prepare for. The decaf showed what would have happened instead.",narrative
"Lisa's reflection had been exactly three seconds ahead of her since the accident. She'd learned to follow its lead. Today, her reflection turned and walked away while she was still facing the mirror.",narrative
"The bookstore on Fifth Street only appeared on Wednesdays, between the coffee shop and the bank. On Thursdays, it was just a brick wall. Books purchased there couldn't be read until the store appeared again.",narrative
"Every clock in the house showed a different time, but they all chimed together. When they did, everyone repeated the last minute. The family had stopped counting how many times they'd lived this particular Tuesday.",narrative
"The lost cat posters all showed different cats, but they all had the same phone number. When people called, they heard their own voicemail. If they left a message, their own cat would appear at their door.",narrative
"Mom's cookbook included recipes that required ingredients from tomorrow. 'Fresh yesterday bread,' 'next week's eggs.' When she cooked them anyway, the dishes tasted like memories that hadn't been made yet.",narrative
"The playground at Willowbrook Park aged children backward. A few minutes on the swings took off a few days. Parents didn't notice, but the children did. They were forgetting things they'd learned, reverting slowly.",narrative
"Dr. Klein's patients all had the same dream the night before their appointments. In it, she explained what was wrong with them. When they arrived, she'd ask, 'Did you have the dream?' Those who said yes were already cured.",narrative
"The new security camera at the store didn't record the present. It showed what would happen in that spot one hour from now. The manager watched himself watch the footage. He'd been standing there for three hours.",narrative
"Every door in the neighborhood led to the same cul-de-sac. Residents had stopped trying to leave three days ago. Mail still arrived, pizza was still delivered. The delivery drivers couldn't explain how they got out.",narrative
"The school's water fountains dispensed liquid memories. A sip could bring back forgotten moments. Teachers noticed students clustering around them before tests. The janitor had started bottling it to take home.",narrative
"Patricia's garden grew backward. Seeds emerged from fruit, flowers closed into buds, stems retreated into soil. She harvested by planting and planted by harvesting. Her neighbors' gardens had started doing the same.",narrative
"The laundromat's dryers led to different decades. Clothes went in dirty from 2024 and came out clean from 1987. Sometimes they came out with different stains - grass from games not yet played, wine from parties not yet thrown.",narrative
"Carl's answering machine recorded messages from the future. Tomorrow's calls today. He'd stopped answering the phone directly. The messages warned him, thanked him, sometimes just said goodbye.",narrative
"The library card worked at every library in the world, but the books it allowed her to check out didn't exist in any catalog. Sarah read stories about herself written from other perspectives. Today's book was written by her daughter, who hadn't been born yet.",narrative
"Every street in the town led back to the same intersection. GPS devices couldn't explain it. Maps showed normal roads. But every turn, every path, ended at Fifth and Main. The traffic light there had been green for a week.",narrative
"The barbershop quartet that performed in the square had been dead for thirty years. Everyone could see them, hear them, applaud for them. They took requests but only knew songs that hadn't been written yet.",narrative
"Jenny's housekeys unlocked doors to her house in different years. The brass key opened to 1994, before she was born. The silver key opened to a future where she lived alone. She couldn't find the key to the present.",narrative
"The cinema's projector played films that were never made. Tonight's showing starred people from the audience. They watched themselves on screen, acting out stories they didn't remember filming.",narrative
"Weather reports started including emotional forecasts. 'Sunny with a high of 75 and widespread anxiety after 2 PM.' They were always accurate. Today predicted 'unexpected joy with evening grief.' No one knew what was coming.",narrative
"Students at Harrison High could hear the thoughts of anyone who'd sat at their desk before. The older desks were cacophonies of teenage anxiety. Desk 17 in room 203 was silent. No thoughts at all, just breathing.",narrative
"The thrift store's clothes retained memories of their previous owners. Wearing them meant experiencing fragments of other lives. The wedding dress in the window had been there for years. No one brave enough to try it on.",narrative
"Margaret's microwave heated food to temperatures from different timelines. Leftover pizza could come out ice cold from yesterday or burning hot from next week. Today, her coffee came out frozen from a timeline where she'd never been born.",narrative
"The hospital's east wing had a patient in room 314 that no one had admitted. She'd been there for years, according to the charts. Visitors came and went. Doctors treated her. But no one could remember her face.",narrative
"Street signs changed their text when no one was looking. Maple became Oak, First became Last. The post office still delivered mail correctly. Maps updated themselves overnight. Only the children noticed.",narrative
"At the farmer's market, one vendor sold tomorrow's produce. Fruits that wouldn't ripen for days, vegetables from next season. Customers who bought from him found themselves craving foods they'd never tried.",narrative
"The retirement home's elevator sometimes went to floors that had been demolished years ago. Residents visited friends who'd passed away, had conversations that couldn't be happening. They always came back younger.",narrative
"Books at the university library started writing themselves. New chapters appeared overnight. Conclusions changed. The librarians gave up trying to track editions. Students learned to check the same book multiple times.",narrative
"She noticed the old man always sat at the same park bench, feeding pigeons that weren't there. Today, she sat beside him and could see them too - hundreds of silver birds that existed only on this bench. He smiled and offered her some bread crumbs.",narrative
"The train hadn't stopped at Millbrook Station in fifty years, yet here it was, doors opening with a mechanical sigh. Thomas stepped aboard to find passengers dressed in clothes from every decade. The conductor punched his ticket to 'Whenever.'",narrative
"Every morning, the newspaper delivered to 42 Oak Street was dated from next week. The Hendersons had learned to prepare for disasters, win lottery numbers, and save lives. Today's paper was blank except for their obituaries.",narrative
"The fortune teller refused to read Patricia's palm, handing back her money with shaking hands. 'Your future has already happened,' she whispered. That night, Patricia found her diary filled with entries she hadn't written yet.",narrative
"Oliver discovered his autobiography in a used bookstore. He was only on chapter twelve, but the book had thirty chapters. The author photo showed him decades older. He bought it, then tried to change chapter thirteen.",narrative
"The GPS kept directing them to turn left into the cornfield where no road existed. On the fifth attempt, Janet noticed there actually was a road there - old, overgrown, but real. It didn't appear on any map.",narrative
"Six months after the funeral, Harold's wife called from their old phone number. The line had been disconnected for a year. She asked him to meet her at the coffee shop. When he arrived, everyone there remembered seeing her that morning.",narrative
"The lighthouse keeper's log contained entries dated up to tomorrow. Each prediction came true. Sarah found it while investigating the abandoned lighthouse. The last entry, dated today, simply read: 'She finally came.'",narrative
"Every flower in the botanical garden bloomed at exactly 3:33 AM and died at 3:34 AM. Security cameras showed nothing unusual. But gardeners who stayed overnight reported seeing visitors who weren't quite human tending to the plants.",narrative
"The substitute teacher gave lessons about events that hadn't happened yet. Students took notes on wars not yet fought, presidents not yet elected. Their test scores improved dramatically in every subject.",narrative
"In the children's hospital, imaginary friends could be seen on the security cameras. They stayed with the sick children, visible only on screen. When a child got better, their friend would wave goodbye to the camera and disappear.",narrative
"The new resident at Shady Oaks Nursing Home was visited daily by her son. The strange part was that she'd never had children. The stranger part was that he looked exactly like the doctor who'd delivered her eighty years ago.",narrative
"Every prescription bottle at the pharmacy contained the same pills, regardless of the label. They cured whatever the patient believed they would. The pharmacist had stopped ordering different medications years ago.",narrative
"The demolition crew couldn't tear down the house on Elm Street. Every morning, it rebuilt itself. Pictures showed it differently each day - sometimes Victorian, sometimes modern. But everyone saw it as the house where they grew up.",narrative
"During the eclipse, everyone in town cast shadows in impossible directions. Some cast multiple shadows, others none at all. When it ended, thirteen people discovered their shadows had switched with someone else's.",narrative
"The school photographer captured something extra in every photo. A translucent figure standing behind each student. Parents recognized deceased relatives. The photographer claimed his camera was completely normal.",narrative
"Text messages sent at the corner of Fifth and Main arrived yesterday. People started going there to warn their past selves. The corner became crowded with people trying to change tiny decisions. Most messages never sent.",narrative
"Mrs. Palmer's knitting needles produced scarves that showed the wearer's future in their patterns. She gave them as gifts to people she liked. The scarves she kept for herself all showed the same pattern - endless rows of black.",narrative
"The new exercise equipment at the gym aged people backward one day per workout. Members looked younger but felt confused, losing recent memories. The gym owner hadn't aged in years. No one questioned it.",narrative
"Downtown parking meters ran backward, giving people time instead of taking it. The longer you stayed, the more time accumulated. Some people had gained years. They looked the same but moved differently, as if they had more time than they should.",narrative
"Food at the diner tasted different to each customer - always like their happiest meal. The cook never asked for orders, just knew what to make. Critics couldn't review it; every meal tasted like their childhood.",narrative
"The widow's phone rang every night at her late husband's time of death. She never answered, but the voicemail was always him, describing his day. Tonight, he mentioned things that happened after he died.",narrative
"Students in Mr. Garcia's class aged a year during each lesson but returned to normal when they left. They learned faster, understood more. Parents never noticed. The principal had been one of his students for forty years.",narrative
"The blood drive at the community center collected type O negative from everyone, regardless of their actual blood type. The stored blood changed types based on what the recipient needed. The Red Cross stopped asking questions.",narrative
"During renovations, workers found a room in the courthouse that wasn't on any blueprint. Inside were trial records for cases that hadn't happened yet. The verdicts were all guilty. The defendants' names were all current town officials.",narrative
"The mall's fountain granted wishes, but only the awful ones people made in anger. 'I wish you were dead,' 'I hope you fail.' Coins at the bottom turned black. The mall management drained it monthly, but it always refilled.",narrative
"New employees at the factory discovered the night shift didn't exist. The building was empty from 6 PM to 6 AM. Yet products were still manufactured, paperwork completed. Security footage showed only shadows moving with purpose.",narrative
"The summer camp's lake reflected different skies - sometimes starry when it was noon, sometimes sunny during storms. Children who swam in it came out completely dry. Counselors who tried got completely soaked.",narrative
"Every test at the medical lab came back with the same result: 'Patient does not exist.' Records showed the patients, appointments were kept, but according to the tests, no one was there. The lab was always busy with no one.",narrative
"The town's cemetery had started accepting reservations. Plots could be booked in advance, with specific death dates. Those who made reservations always died exactly on schedule. The waiting list was three years long.",narrative
"High school reunions at Westfield included classmates who'd never existed. They had yearbook photos, others remembered them, but there were no records. Each reunion had more of these phantom alumni.",narrative
"Drivers on Route 49 reported seeing the same hitchhiker at mile marker 13. He always wanted to go to the same address - one that had been demolished in 1976. Those who drove him there found a house that shouldn't exist.",narrative
"The antique store's items aged backward. New things became antiques, antiques became newer. A customer bought a brand-new radio that was manufactured in 1940. It played tomorrow's news.",narrative
"Messages in bottles kept washing up on the landlocked town's fake beach at the mall. They contained desperate pleas from sailors. The dates were current. The mall was five hundred miles from the nearest ocean.",narrative
"The apartment building's mail room existed on every floor simultaneously. Residents could enter from any floor and be in the same room. Mail addressed to apartments that didn't exist still got delivered.",narrative
"City buses arrived before passengers reached the stop. Drivers insisted they waited the proper time. Security footage confirmed both versions. People learned to walk backward to bus stops to arrive on time.",narrative
"The drought revealed a town at the bottom of the reservoir that was never supposed to be there. Records showed the valley was empty when flooded. Divers found fresh flowers on graves, recently painted houses.",narrative
"Graduates of Thornwood High discovered their diplomas changed what they'd studied. History majors found physics degrees, English majors found engineering. Their knowledge changed too. The school had closed in 1962.",narrative
"Emergency calls to 911 from the old Brennan factory were answered by operators who'd been dead for decades. They dispatched help that never arrived. Callers who mentioned this were told the factory had been demolished.",narrative
"Night shift workers at the hospital reported that the morgue was empty every morning, though records showed bodies. Day shift found it full. Security footage showed nothing moving, but the gurneys were in different positions.",narrative
"The town's water tower was always full, though no one had filled it in years. The water tested pure but tasted like memories - first kisses, last goodbyes. People bottled it, but it turned regular in containers.",narrative
"Autumn came in July that year, but only to Maple Street. Leaves turned gold while the rest of town sweltered. Residents aged backward until the leaves fell. When spring came in December, they aged forward again.",narrative
"The contractor renovating the old theater found that removing walls revealed more rooms, not fewer. Each room contained props from plays that were never performed. The costumes fit everyone who tried them perfectly.",narrative
"Doctors at the clinic noticed all pregnant patients were due on the same date - September 33rd. They tried to explain it was impossible, but ultrasounds confirmed it. The calendar at the clinic had started showing extra days.",narrative
"The food bank never ran out of food, though donations had stopped. Volunteers found the same cans they'd given away back on shelves. Each can's expiration date had moved forward. The food was always fresh.",narrative
"Students taking finals in room 237 all wrote the same answers, regardless of the test. The answers were always correct. Those who pointed this out forgot about it as soon as they left the room.",narrative
"The city's last payphone rang for someone different each time. It always knew who was walking past. Those who answered heard voices they needed to hear - dead parents, estranged friends, their younger selves.",narrative
"Books returned to the library's overnight drop appeared on shelves in other libraries worldwide. Librarians found books in languages that didn't exist. One book was checked out to someone from next century.",narrative
"The census revealed the town's population was exactly what it had been in 1850. Individual people changed, but the total never did. When someone was born, someone else vanished. When someone died, a stranger arrived.",narrative
"Uber drivers picking up from the old train station arrived in different decades. Passengers got in modern cars and exited in different eras. Drivers insisted the trips were normal. Payment always processed correctly.",narrative
"The high school yearbook committee found photos of themselves from years they hadn't attended. Freshman saw senior portraits, seniors found elementary photos. The darkroom's red light had been on for thirty years.",narrative
"Mrs. Thompson's kindergarten class could read books that hadn't been written yet. They discussed plots of novels that would be published when they were adults. Their drawings showed inventions from the next century.",narrative
"The mall Santa knew what every child would actually get for Christmas, not what they wanted. His predictions were always right. Parents found themselves buying exactly what he said, even when they tried not to.",narrative
"Night janitors at the courthouse cleaned rooms that didn't exist during the day. They had keys to doors that led to blank walls in daylight. Their cleaning supplies were always restocked by morning.",narrative
"The pool at the recreation center was deeper for some swimmers than others. Children found the bottom at three feet. Adults couldn't touch it at twenty. Lifeguards saw different depths from each chair.",narrative
"Packages delivered to the old Montgomery house were received and signed for, though no one had lived there in a decade. Delivery drivers described different residents each time. The packages disappeared from porches.",narrative
"The town's only traffic light had been green in all directions for six months. No accidents occurred. Cars passed through each other like ghosts. Visitors saw normal light changes and frequent collisions.",narrative
"Students in detention wrote lines that appeared on blackboards throughout the school. 'I will not exist yesterday' appeared most frequently. Teachers erased them, but they rewrote themselves.",narrative
"The diner's jukebox played songs customers were thinking of, even if they weren't in its catalog. It played lullabies for the sleepless, love songs for the lonely. Unplugged, it played louder.",narrative
"Residents of Pine Grove Apartments aged differently in each unit. Apartment 3B aged people forward rapidly, 2A backward slowly. People moved frequently, trying to find the unit that matched their desired age.",narrative
"The post office delivered mail from parallel universes every Tuesday. Letters from versions of residents who'd made different choices. Some P.O. boxes received death threats from alternate selves.",narrative
"Dr. Brennan's dental patients grew extra teeth - not in their mouths, but in jars the dentist kept. The teeth were alive, clicking against glass. Patients felt phantom pains when their jar teeth were touched.",narrative